{  
  "AssimilatePartitioningCoeff":[  
    [  
      0.5,
      0.5,
      0,
      0
    ],
    [  
      0.20000000000000001,
      0.59999999999999998,
      0.20000000000000001,
      0
    ],
    [  
      0.13,
      0.33000000000000002,
      0.54000000000000004,
      0
    ],
    [  
      0,
      0,
      0.040000000000000001,
      0.95999999999999996
    ],
    [  
      0,
      0,
      0,
      0
    ],
    [  
      0,
      0,
      0,
      0
    ]
  ],
  "BaseDaylength":[  
    [  
      0,
      0,
      7,
      7,
      0,
      0
    ],
    "h"
  ],
  "BeginSensitivePhaseHeatStress":[  
    0,
    "°C d"
  ],
  "CriticalTemperatureHeatStress":[  
    31,
    "°C"
  ],
  "CropHeightP1":8.7700004577636719,
  "CropHeightP2":0.42800000309944153,
  "CropSpecificMaxRootingDepth":1.5,
  "CultivarName":"",
  "DaylengthRequirement":[  
    [  
      0,
      20,
      20,
      20,
      0,
      0
    ],
    "h"
  ],
  "Description":"",
  "DroughtStressThreshold":[  
    1,
    0.80000000000000004,
    0.80000000000000004,
    0.80000000000000004,
    0.80000000000000004,
    1
  ],
  "EndSensitivePhaseHeatStress":[  
    0,
    "°C d"
  ],
  "FrostDehardening":0,
  "FrostHardening":0,
  "HeatSumIrrigationEnd":1000,
  "HeatSumIrrigationStart":450,
  "LT50cultivar":0,
  "LatestHarvestDoy":-1,
  "LowTemperatureExposure":0,
  "MaxAssimilationRate":60.080001831054688,
  "MaxCropHeight":[  
    0.80000001192092896,
    "m"
  ],
  "OptimumTemperature":[  
    [  
      30,
      30,
      30,
      30,
      30,
      30
    ],
    "°C"
  ],
  "OrganIdsForCutting":[  

  ],
  "OrganIdsForPrimaryYield":[  
    {  
      "organId":2,
      "type":"YieldComponent",
      "yieldDryMatter":0.29999999999999999,
      "yieldPercentage":0.84999999999999998
    },
    {  
      "organId":3,
      "type":"YieldComponent",
      "yieldDryMatter":0.29999999999999999,
      "yieldPercentage":0.84999999999999998
    },
    {  
      "organId":4,
      "type":"YieldComponent",
      "yieldDryMatter":0.91000000000000003,
      "yieldPercentage":0.84999999999999998
    }
  ],
  "OrganIdsForSecondaryYield":[  

  ],
  "OrganSenescenceRate":[  
    [  
      0,
      0,
      0,
      0
    ],
    [  
      0,
      0,
      0,
      0
    ],
    [  
      0,
      0,
      0,
      0
    ],
    [  
      0,
      0,
      0,
      0
    ],
    [  
      0,
      0,
      0,
      0
    ],
    [  
      0,
      0,
      0,
      0
    ]
  ],
  "Perennial":false,
  "ResidueNRatio":0.30000001192092896,
  "RespiratoryStress":0,
  "SpecificLeafArea":[  
    [  
      0.002,
      0.002,
      0.002,
      0.002,
      0.002,
      0.002
    ],
    "ha kg-1"
  ],
  "StageKcFactor":[  
    [  
      0.29999999999999999,
      0.69999999999999996,
      0.90000000000000002,
      0.98999999999999999,
      0.59999999999999998,
      0.59999999999999998
    ],
    "1;0"
  ],
  "StageTemperatureSum":[  
    [  
      148,
      150,
      200,
      200,
      325,
      25
    ],
    "°C d"
  ],
  "VernalisationRequirement":[  
    0,
    0,
    0,
    0,
    0,
    0
  ],
  "type":"CultivarParameters"
}