{  
  "AbovegroundOrgan":[  
    false,
    true,
    true,
    true
  ],
  "AssimilateReallocation":0.30000001192092896,
  "BaseTemperature":[  
    1,
    1,
    1,
    1,
    1,
    1
  ],
  "CarboxylationPathway":1,
  "CriticalOxygenContent":[  
    0.80000000000000004,
    0.80000000000000004,
    0.80000000000000004,
    0.80000000000000004,
    0.80000000000000004,
    0.80000000000000004
  ],
  "CuttingDelayDays":0,
  "DefaultRadiationUseEfficiency":0.5,
  "DevelopmentAccelerationByNitrogenStress":0,
  "DroughtImpactOnFertilityFactor":0,
  "FieldConditionModifier":1,
  "InitialKcFactor":0.40000000596046448,
  "InitialOrganBiomass":[  
    53,
    53,
    0,
    0
  ],
  "InitialRootingDepth":0.059999998658895493,
  "LimitingTemperatureHeatStress":40,
  "LuxuryNCoeff":1,
  "MaxCropDiameter":0.004999999888241291,
  "MaxNUptakeParam":3.1449999809265137,
  "MinimumNConcentration":0.004999999888241291,
  "MinimumTemperatureForAssimilation":3,
  "MinimumTemperatureRootGrowth":0,
  "NConcentrationAbovegroundBiomass":0.059999998658895493,
  "NConcentrationB0":3,
  "NConcentrationPN":1.3500000238418579,
  "NConcentrationRoot":0.019999999552965164,
  "OrganGrowthRespiration":[  
    0.01,
    0.029999999999999999,
    0.014999999999999999,
    0.01
  ],
  "OrganMaintenanceRespiration":[  
    0.01,
    0.029999999999999999,
    0.014999999999999999,
    0.01
  ],
  "PartBiologicalNFixation":0.74000000953674316,
  "PlantDensity":220,
  "RootDistributionParam":0.0027870000340044498,
  "RootFormFactor":1,
  "RootGrowthLag":-30,
  "RootPenetrationRate":0.000699999975040555,
  "SamplingDepth":0.60000002384185791,
  "SpeciesName":"field pea",
  "SpecificRootLength":300,
  "StageAfterCut":0,
  "StageAtMaxDiameter":4,
  "StageAtMaxHeight":4,
  "StageMaxRootNConcentration":[  
    0.02,
    0.02,
    0.012,
    0.01,
    0.01,
    0.01
  ],
  "StorageOrgan":[  
    false,
    false,
    false,
    true
  ],
  "TargetN30":40,
  "TargetNSamplingDepth":110,
  "type":"SpeciesParameters"
}