{  
  "AbovegroundOrgan":[  
    false,
    true,
    true,
    true,
    true,
    true
  ],
  "AssimilateReallocation":0.30000001192092896,
  "BaseTemperature":[  
    0,
    10,
    0,
    0,
    0,
    0
  ],
  "CarboxylationPathway":1,
  "CriticalOxygenContent":[  
    0,
    0,
    0,
    0,
    0,
    0
  ],
  "CuttingDelayDays":0,
  "DefaultRadiationUseEfficiency":0.5,
  "DevelopmentAccelerationByNitrogenStress":0,
  "DroughtImpactOnFertilityFactor":0,
  "FieldConditionModifier":1,
  "InitialKcFactor":0.40000000596046448,
  "InitialOrganBiomass":[  
    250,
    18,
    0,
    0,
    380,
    0
  ],
  "InitialRootingDepth":0.10000000149011612,
  "LimitingTemperatureHeatStress":40,
  "LuxuryNCoeff":1,
  "MaxCropDiameter":0.10000000149011612,
  "MaxNUptakeParam":3.1449999809265137,
  "MinimumNConcentration":0.004999999888241291,
  "MinimumTemperatureForAssimilation":5,
  "MinimumTemperatureRootGrowth":0,
  "NConcentrationAbovegroundBiomass":0.059999998658895493,
  "NConcentrationB0":1.3999999761581421,
  "NConcentrationPN":1.5499999523162842,
  "NConcentrationRoot":0.019999999552965164,
  "OrganGrowthRespiration":[  
    0.001,
    0.025000000000000001,
    0.012999999999999999,
    0.0080000000000000002,
    0.0080000000000000002,
    0
  ],
  "OrganMaintenanceRespiration":[  
    0.001,
    0.025000000000000001,
    0.012999999999999999,
    0.0080000000000000002,
    0.0080000000000000002,
    0
  ],
  "PartBiologicalNFixation":0,
  "PlantDensity":0.37999999523162842,
  "RootDistributionParam":0.0099999997764825821,
  "RootFormFactor":1,
  "RootGrowthLag":-30,
  "RootPenetrationRate":0.0020000000949949026,
  "SamplingDepth":0.89999997615814209,
  "SpeciesName":"grapevine",
  "SpecificRootLength":300,
  "StageAfterCut":0,
  "StageAtMaxDiameter":1,
  "StageAtMaxHeight":1,
  "StageMaxRootNConcentration":[  
    0.0155,
    0.016799999999999999,
    0.014999999999999999,
    0.014200000000000001,
    0.014500000000000001,
    0.0155
  ],
  "StorageOrgan":[  
    false,
    false,
    false,
    true,
    false,
    true
  ],
  "TargetN30":0,
  "TargetNSamplingDepth":80,
  "type":"SpeciesParameters"
}