{  
  "AbovegroundOrgan":[  
    false,
    true,
    true,
    false
  ],
  "AssimilateReallocation":0.30000001192092896,
  "BaseTemperature":[  
    3,
    3,
    3,
    3,
    3,
    3
  ],
  "CarboxylationPathway":1,
  "CriticalOxygenContent":[  
    0.029999999999999999,
    0.029999999999999999,
    0.029999999999999999,
    0.029999999999999999,
    0.029999999999999999,
    0.029999999999999999
  ],
  "CuttingDelayDays":0,
  "DefaultRadiationUseEfficiency":0.5,
  "DevelopmentAccelerationByNitrogenStress":0,
  "DroughtImpactOnFertilityFactor":0,
  "FieldConditionModifier":1,
  "InitialKcFactor":0.40000000596046448,
  "InitialOrganBiomass":[  
    5,
    10,
    0,
    0
  ],
  "InitialRootingDepth":0.10000000149011612,
  "LimitingTemperatureHeatStress":40,
  "LuxuryNCoeff":1.5,
  "MaxCropDiameter":0.0099999997764825821,
  "MaxNUptakeParam":5.6449999809265137,
  "MinimumNConcentration":0.0060000000521540642,
  "MinimumTemperatureForAssimilation":3,
  "MinimumTemperatureRootGrowth":0,
  "NConcentrationAbovegroundBiomass":0.059999998658895493,
  "NConcentrationB0":3,
  "NConcentrationPN":1.3500000238418579,
  "NConcentrationRoot":0.019999999552965164,
  "OrganGrowthRespiration":[  
    0.01,
    0.029999999999999999,
    0.0030000000000000001,
    0.01
  ],
  "OrganMaintenanceRespiration":[  
    0.014999999999999999,
    0.029999999999999999,
    0.0030000000000000001,
    0.01
  ],
  "PartBiologicalNFixation":0,
  "PlantDensity":6,
  "RootDistributionParam":0.0035000001080334187,
  "RootFormFactor":3,
  "RootGrowthLag":-30,
  "RootPenetrationRate":0.00079999997979030013,
  "SamplingDepth":0.60000002384185791,
  "SpeciesName":"potato",
  "SpecificRootLength":300,
  "StageAfterCut":0,
  "StageAtMaxDiameter":3,
  "StageAtMaxHeight":3,
  "StageMaxRootNConcentration":[  
    0.02,
    0.014999999999999999,
    0.012,
    0.01,
    0.0089999999999999993,
    0.0089999999999999993
  ],
  "StorageOrgan":[  
    false,
    false,
    false,
    true
  ],
  "TargetN30":40,
  "TargetNSamplingDepth":160,
  "type":"SpeciesParameters"
}