{  
  "AbovegroundOrgan":[  
    false,
    true,
    true,
    false
  ],
  "AssimilateReallocation":0.30000001192092896,
  "BaseTemperature":[  
    3,
    3,
    0,
    0,
    0,
    0
  ],
  "CarboxylationPathway":1,
  "CriticalOxygenContent":[  
    0.029999999999999999,
    0.029999999999999999,
    0.029999999999999999,
    0.029999999999999999,
    0.029999999999999999,
    0.029999999999999999
  ],
  "CuttingDelayDays":0,
  "DefaultRadiationUseEfficiency":0.5,
  "DevelopmentAccelerationByNitrogenStress":0,
  "DroughtImpactOnFertilityFactor":0,
  "FieldConditionModifier":1,
  "InitialKcFactor":0.40000000596046448,
  "InitialOrganBiomass":[  
    5,
    10,
    0,
    0
  ],
  "InitialRootingDepth":0.059999998658895493,
  "LimitingTemperatureHeatStress":40,
  "LuxuryNCoeff":1.6499999761581421,
  "MaxCropDiameter":0,
  "MaxNUptakeParam":5.6449999809265137,
  "MinimumNConcentration":0.0040000001899898052,
  "MinimumTemperatureForAssimilation":7,
  "MinimumTemperatureRootGrowth":0,
  "NConcentrationAbovegroundBiomass":0.059999998658895493,
  "NConcentrationB0":3,
  "NConcentrationPN":1.3500000238418579,
  "NConcentrationRoot":0.019999999552965164,
  "OrganGrowthRespiration":[  
    0.014999999999999999,
    0.029999999999999999,
    0.0030000000000000001,
    0.01
  ],
  "OrganMaintenanceRespiration":[  
    0.014999999999999999,
    0.029999999999999999,
    0.0030000000000000001,
    0.01
  ],
  "PartBiologicalNFixation":0,
  "PlantDensity":8,
  "RootDistributionParam":0.0012000000569969416,
  "RootFormFactor":2,
  "RootGrowthLag":-60,
  "RootPenetrationRate":0.0010999999940395355,
  "SamplingDepth":0.89999997615814209,
  "SpeciesName":"sugar beet",
  "SpecificRootLength":300,
  "StageAfterCut":0,
  "StageAtMaxDiameter":3,
  "StageAtMaxHeight":3,
  "StageMaxRootNConcentration":[  
    0.02,
    0.014999999999999999,
    0.012,
    0.01,
    0.0089999999999999993,
    0.0089999999999999993
  ],
  "StorageOrgan":[  
    false,
    false,
    false,
    true
  ],
  "TargetN30":200,
  "TargetNSamplingDepth":200,
  "type":"SpeciesParameters"
}