{  
  "AssimilatePartitioningCoeff":[  
    [  
      0.5,
      0.5,
      0,
      0
    ],
    [  
      0.20000000000000001,
      0.59999999999999998,
      0.20000000000000001,
      0
    ],
    [  
      0,
      0.37,
      0.5,
      0.13
    ],
    [  
      0,
      0,
      0.029999999999999999,
      0.96999999999999997
    ],
    [  
      0,
      0,
      0,
      1
    ],
    [  
      0,
      0,
      0,
      0
    ]
  ],
  "BaseDaylength":[  
    [  
      0,
      0,
      7,
      7,
      0,
      0
    ],
    "h"
  ],
  "BeginSensitivePhaseHeatStress":[  
    0,
    "°C d"
  ],
  "CriticalTemperatureHeatStress":[  
    31,
    "°C"
  ],
  "CropHeightP1":9,
  "CropHeightP2":0,
  "CropSpecificMaxRootingDepth":0.30000001192092896,
  "CultivarName":"",
  "DaylengthRequirement":[  
    [  
      0,
      20,
      20,
      20,
      0,
      0
    ],
    "h"
  ],
  "Description":"",
  "DroughtStressThreshold":[  
    1,
    1,
    1,
    1,
    1,
    1
  ],
  "EndSensitivePhaseHeatStress":[  
    0,
    "°C d"
  ],
  "FrostDehardening":0,
  "FrostHardening":0,
  "HeatSumIrrigationEnd":1000,
  "HeatSumIrrigationStart":450,
  "LT50cultivar":0,
  "LatestHarvestDoy":-1,
  "LowTemperatureExposure":0,
  "MaxAssimilationRate":13,
  "MaxCropHeight":[  
    0.80000001192092896,
    "m"
  ],
  "OptimumTemperature":[  
    [  
      30,
      30,
      30,
      30,
      30,
      30
    ],
    "°C"
  ],
  "OrganIdsForCutting":[  
    {  
      "organId":2,
      "type":"YieldComponent",
      "yieldDryMatter":0.30000001192092896,
      "yieldPercentage":0.84999999999999998
    },
    {  
      "organId":3,
      "type":"YieldComponent",
      "yieldDryMatter":0.30000001192092896,
      "yieldPercentage":0.84999999999999998
    },
    {  
      "organId":4,
      "type":"YieldComponent",
      "yieldDryMatter":0.30000001192092896,
      "yieldPercentage":0.84999999999999998
    }
  ],
  "OrganIdsForPrimaryYield":[  

  ],
  "OrganIdsForSecondaryYield":[  

  ],
  "OrganSenescenceRate":[  
    [  
      0,
      0,
      0,
      0
    ],
    [  
      0,
      0,
      0,
      0
    ],
    [  
      0,
      0,
      0,
      0
    ],
    [  
      0,
      0,
      0,
      0
    ],
    [  
      0,
      0.029999999999999999,
      0,
      0
    ],
    [  
      0,
      0.029999999999999999,
      0,
      0
    ]
  ],
  "Perennial":true,
  "ResidueNRatio":1,
  "RespiratoryStress":0,
  "SpecificLeafArea":[  
    [  
      0.002,
      0.002,
      0.002,
      0.002,
      0.002,
      0.002
    ],
    "ha kg-1"
  ],
  "StageKcFactor":[  
    [  
      0.29999999999999999,
      1,
      1.1000000000000001,
      1.1000000000000001,
      1.1000000000000001,
      1
    ],
    "1;0"
  ],
  "StageTemperatureSum":[  
    [  
      40,
      284,
      200,
      400,
      350,
      25
    ],
    "°C d"
  ],
  "VernalisationRequirement":[  
    35,
    35,
    0,
    0,
    0,
    0
  ],
  "type":"CultivarParameters"
}