{  
  "AssimilatePartitioningCoeff":[  
    [  
      0.69999999999999996,
      0.29999999999999999,
      0
    ],
    [  
      0.20000000000000001,
      0.5,
      0.29999999999999999
    ],
    [  
      0,
      0.40000000000000002,
      0.59999999999999998
    ],
    [  
      0,
      0.5,
      0.5
    ],
    [  
      0,
      0.5,
      0.5
    ],
    [  
      0,
      0,
      0
    ]
  ],
  "BaseDaylength":[  
    [  
      0,
      0,
      7,
      7,
      0,
      0
    ],
    "h"
  ],
  "BeginSensitivePhaseHeatStress":[  
    0,
    "°C d"
  ],
  "CriticalTemperatureHeatStress":[  
    31,
    "°C"
  ],
  "CropHeightP1":9.0979995727539063,
  "CropHeightP2":0.1940000057220459,
  "CropSpecificMaxRootingDepth":0.30000001192092896,
  "CultivarName":"",
  "DaylengthRequirement":[  
    [  
      0,
      0,
      0,
      0,
      0,
      0
    ],
    "h"
  ],
  "Description":"",
  "DroughtStressThreshold":[  
    1,
    1,
    1,
    1,
    1,
    1
  ],
  "EndSensitivePhaseHeatStress":[  
    0,
    "°C d"
  ],
  "FrostDehardening":0,
  "FrostHardening":0,
  "HeatSumIrrigationEnd":1000,
  "HeatSumIrrigationStart":450,
  "LT50cultivar":0,
  "LatestHarvestDoy":-1,
  "LowTemperatureExposure":0,
  "MaxAssimilationRate":15.300000190734863,
  "MaxCropHeight":[  
    0.69999998807907104,
    "m"
  ],
  "OptimumTemperature":[  
    [  
      30,
      30,
      30,
      30,
      30,
      30
    ],
    "°C"
  ],
  "OrganIdsForCutting":[  
    {  
      "organId":2,
      "type":"YieldComponent",
      "yieldDryMatter":0.18000000715255737,
      "yieldPercentage":0.84999999999999998
    },
    {  
      "organId":3,
      "type":"YieldComponent",
      "yieldDryMatter":0.18000000715255737,
      "yieldPercentage":0.84999999999999998
    }
  ],
  "OrganIdsForPrimaryYield":[  

  ],
  "OrganIdsForSecondaryYield":[  

  ],
  "OrganSenescenceRate":[  
    [  
      0,
      0,
      0
    ],
    [  
      0,
      0,
      0
    ],
    [  
      0,
      0,
      0
    ],
    [  
      0,
      0,
      0
    ],
    [  
      0,
      0.029999999999999999,
      0
    ],
    [  
      0,
      0.029999999999999999,
      0
    ]
  ],
  "Perennial":true,
  "ResidueNRatio":1,
  "RespiratoryStress":0,
  "SpecificLeafArea":[  
    [  
      0.002,
      0.002,
      0.002,
      0.002,
      0.002,
      0.002
    ],
    "ha kg-1"
  ],
  "StageKcFactor":[  
    [  
      0.59999999999999998,
      0.90000000000000002,
      0.93000000000000005,
      0.93000000000000005,
      0.93000000000000005,
      0.80000000000000004
    ],
    "1;0"
  ],
  "StageTemperatureSum":[  
    [  
      10,
      281.5,
      340,
      400,
      350,
      25
    ],
    "°C d"
  ],
  "VernalisationRequirement":[  
    0,
    0,
    0,
    0,
    0,
    0
  ],
  "type":"CultivarParameters"
}