{  
  "AssimilatePartitioningCoeff":[  
    [  
      0.59999999999999998,
      0.29999999999999999,
      0.10000000000000001,
      0
    ],
    [  
      0.55000000000000004,
      0.29999999999999999,
      0.14999999999999999,
      0
    ],
    [  
      0.20000000000000001,
      0.20000000000000001,
      0.59999999999999998,
      0
    ],
    [  
      0,
      0.37,
      0.59999999999999998,
      0.029999999999999999
    ],
    [  
      0,
      0,
      0,
      1
    ],
    [  
      0,
      0,
      0,
      1
    ],
    [  
      0,
      0,
      0,
      1
    ]
  ],
  "BaseDaylength":[  
    [  
      0,
      -15.800000000000001,
      -15.800000000000001,
      -15.800000000000001,
      -15.800000000000001,
      -15.800000000000001,
      0
    ],
    "h"
  ],
  "BeginSensitivePhaseHeatStress":[  
    420,
    "°C d"
  ],
  "CriticalTemperatureHeatStress":[  
    31,
    "°C"
  ],
  "CropHeightP1":9,
  "CropHeightP2":0.34999999403953552,
  "CropSpecificMaxRootingDepth":1.3999999761581421,
  "CultivarName":"VI",
  "DaylengthRequirement":[  
    [  
      0,
      -12.58,
      -12.58,
      -12.58,
      -12.58,
      -12.58,
      0
    ],
    "h"
  ],
  "Description":"",
  "DroughtStressThreshold":[  
    1,
    1,
    1,
    1,
    1,
    1,
    1
  ],
  "EndSensitivePhaseHeatStress":[  
    540,
    "°C d"
  ],
  "FrostDehardening":0,
  "FrostHardening":0,
  "HeatSumIrrigationEnd":900,
  "HeatSumIrrigationStart":113,
  "LT50cultivar":0,
  "LatestHarvestDoy":-1,
  "LowTemperatureExposure":0,
  "MaxAssimilationRate":30,
  "MaxCropHeight":[  
    1,
    "m"
  ],
  "OptimumTemperature":[  
    [  
      30,
      30,
      30,
      25,
      25,
      25,
      30
    ],
    "°C"
  ],
  "OrganIdsForCutting":[  

  ],
  "OrganIdsForPrimaryYield":[  
    {  
      "organId":4,
      "type":"YieldComponent",
      "yieldDryMatter":0.85999999999999999,
      "yieldPercentage":0.79000000000000004
    }
  ],
  "OrganIdsForSecondaryYield":[  

  ],
  "OrganSenescenceRate":[  
    [  
      0,
      0,
      0,
      0
    ],
    [  
      0,
      0,
      0,
      0
    ],
    [  
      0,
      0,
      0,
      0
    ],
    [  
      0,
      0,
      0,
      0
    ],
    [  
      0,
      0.029999999999999999,
      0,
      0
    ],
    [  
      0,
      0.050000000000000003,
      0.050000000000000003,
      0
    ],
    [  
      0,
      0.050000000000000003,
      0.050000000000000003,
      0
    ]
  ],
  "Perennial":false,
  "ResidueNRatio":0.5,
  "RespiratoryStress":0,
  "SpecificLeafArea":[  
    [  
      0.0035000000000000001,
      0.0032000000000000002,
      0.0030000000000000001,
      0.0025000000000000001,
      0.002,
      0.002,
      0.002
    ],
    "ha kg-1"
  ],
  "StageKcFactor":[  
    [  
      0.40000000000000002,
      0.69999999999999996,
      1.1000000000000001,
      1.3,
      1.3,
      1.1000000000000001,
      0.40000000000000002
    ],
    "1;0"
  ],
  "StageTemperatureSum":[  
    [  
      148,
      50,
      611,
      430,
      500,
      929,
      25
    ],
    "°C d"
  ],
  "VernalisationRequirement":[  
    0,
    0,
    0,
    0,
    0,
    0,
    0
  ],
  "type":"CultivarParameters"
}