{  
  "AssimilatePartitioningCoeff":[  
    [  
      0,
      0.40000000000000002,
      0.59999999999999998,
      0,
      0,
      0
    ],
    [  
      0.02,
      0.40000000000000002,
      0.54000000000000004,
      0.01,
      0.029999999999999999,
      0
    ],
    [  
      0.029999999999999999,
      0.29999999999999999,
      0.40000000000000002,
      0.22,
      0.050000000000000003,
      0
    ],
    [  
      0.059999999999999998,
      0.14999999999999999,
      0.22,
      0.5,
      0.070000000000000007,
      0
    ],
    [  
      0.01,
      0.059999999999999998,
      0.080000000000000002,
      0,
      0.050000000000000003,
      0.80000000000000004
    ],
    [  
      0.45000000000000001,
      0.050000000000000003,
      0.050000000000000003,
      0,
      0.45000000000000001,
      0.45000000000000001
    ]
  ],
  "BaseDaylength":[  
    [  
      0,
      0,
      0,
      0,
      0,
      0
    ],
    "h"
  ],
  "BeginSensitivePhaseHeatStress":[  
    0,
    "°C d"
  ],
  "CriticalTemperatureHeatStress":[  
    31,
    "°C"
  ],
  "CropHeightP1":9,
  "CropHeightP2":0,
  "CropSpecificMaxRootingDepth":2,
  "CultivarName":"",
  "DaylengthRequirement":[  
    [  
      0,
      0,
      0,
      0,
      0,
      0
    ],
    "h"
  ],
  "Description":"",
  "DroughtStressThreshold":[  
    1,
    1,
    1,
    1,
    1,
    1
  ],
  "EndSensitivePhaseHeatStress":[  
    0,
    "°C d"
  ],
  "FrostDehardening":0,
  "FrostHardening":0,
  "HeatSumIrrigationEnd":2300,
  "HeatSumIrrigationStart":100,
  "LT50cultivar":0,
  "LatestHarvestDoy":-1,
  "LowTemperatureExposure":0,
  "MaxAssimilationRate":16,
  "MaxCropHeight":[  
    2,
    "m"
  ],
  "OptimumTemperature":[  
    [  
      30,
      30,
      30,
      30,
      30,
      30
    ],
    "°C"
  ],
  "OrganIdsForCutting":[  

  ],
  "OrganIdsForPrimaryYield":[  
    {  
      "organId":4,
      "type":"YieldComponent",
      "yieldDryMatter":0.22,
      "yieldPercentage":0.94999999999999996
    }
  ],
  "OrganIdsForSecondaryYield":[  

  ],
  "OrganSenescenceRate":[  
    [  
      0,
      0,
      0,
      0,
      0,
      0
    ],
    [  
      0,
      0,
      0,
      0,
      0,
      0
    ],
    [  
      0,
      0,
      0,
      0,
      0,
      0
    ],
    [  
      0,
      0,
      0,
      0,
      0,
      0
    ],
    [  
      0,
      0.0050000000000000001,
      0,
      0,
      0,
      0
    ],
    [  
      0,
      0.20000000000000001,
      0,
      0,
      0,
      0
    ]
  ],
  "Perennial":true,
  "ResidueNRatio":0.80000001192092896,
  "RespiratoryStress":0,
  "SpecificLeafArea":[  
    [  
      0.0011999999999999999,
      0.002,
      0.0018,
      0.0016000000000000001,
      0.0015,
      0.0014
    ],
    "ha kg-1"
  ],
  "StageKcFactor":[  
    [  
      0.17000000000000001,
      0.23999999999999999,
      0.33000000000000002,
      0.56000000000000005,
      0.62,
      0.25
    ],
    "1;0"
  ],
  "StageTemperatureSum":[  
    [  
      389,
      259,
      291,
      962,
      792,
      400
    ],
    "°C d"
  ],
  "VernalisationRequirement":[  
    0,
    0,
    0,
    0,
    0,
    0
  ],
  "type":"CultivarParameters"
}