{  
  "AssimilatePartitioningCoeff":[  
    [  
      0.65000000000000002,
      0.34999999999999998,
      0,
      0
    ],
    [  
      0.10000000000000001,
      0.20000000000000001,
      0.69999999999999996,
      0
    ],
    [  
      0.050000000000000003,
      0.20000000000000001,
      0.75,
      0
    ],
    [  
      0.050000000000000003,
      0.050000000000000003,
      0.84999999999999998,
      0.050000000000000003
    ],
    [  
      0.10000000000000001,
      0,
      0.34999999999999998,
      0.65000000000000002
    ],
    [  
      0,
      0,
      0,
      1
    ],
    [  
      0,
      0,
      0,
      1
    ]
  ],
  "BaseDaylength":[  
    [  
      0,
      0,
      0,
      0,
      0,
      0,
      0
    ],
    "h"
  ],
  "BeginSensitivePhaseHeatStress":[  
    1200,
    "°C d"
  ],
  "CriticalTemperatureHeatStress":[  
    31,
    "°C"
  ],
  "CropHeightP1":9,
  "CropHeightP2":0.34999999403953552,
  "CropSpecificMaxRootingDepth":1.2000000476837158,
  "CultivarName":"grain maize Pioneer 30K75",
  "DaylengthRequirement":[  
    [  
      0,
      0,
      0,
      0,
      0,
      0,
      0
    ],
    "h"
  ],
  "Description":"",
  "DroughtStressThreshold":[  
    1,
    1,
    1,
    1,
    1,
    1,
    1
  ],
  "EndSensitivePhaseHeatStress":[  
    1360,
    "°C d"
  ],
  "FrostDehardening":0,
  "FrostHardening":0,
  "HeatSumIrrigationEnd":1700,
  "HeatSumIrrigationStart":113,
  "LT50cultivar":0,
  "LatestHarvestDoy":-1,
  "LowTemperatureExposure":0,
  "MaxAssimilationRate":150,
  "MaxCropHeight":[  
    2,
    "m"
  ],
  "OptimumTemperature":[  
    [  
      30,
      30,
      30,
      30,
      30,
      30,
      30
    ],
    "°C"
  ],
  "OrganIdsForCutting":[  

  ],
  "OrganIdsForPrimaryYield":[  
    {  
      "organId":4,
      "type":"YieldComponent",
      "yieldDryMatter":0.85999999999999999,
      "yieldPercentage":0.78000000000000003
    }
  ],
  "OrganIdsForSecondaryYield":[  

  ],
  "OrganSenescenceRate":[  
    [  
      0,
      0,
      0,
      0
    ],
    [  
      0,
      0,
      0,
      0
    ],
    [  
      0,
      0,
      0,
      0
    ],
    [  
      0.0050000000000000001,
      0.001,
      0,
      0
    ],
    [  
      0.10000000000000001,
      0.0030000000000000001,
      0,
      0
    ],
    [  
      0.10000000000000001,
      0.01,
      0.012999999999999999,
      0
    ],
    [  
      0,
      0.029999999999999999,
      0.02,
      0
    ]
  ],
  "Perennial":false,
  "ResidueNRatio":0.5,
  "RespiratoryStress":0,
  "SpecificLeafArea":[  
    [  
      0.002,
      0.002,
      0.002,
      0.002,
      0.0019,
      0.0018,
      0.0018
    ],
    "ha kg-1"
  ],
  "StageKcFactor":[  
    [  
      0.40000000000000002,
      1,
      1,
      1.2,
      1.25,
      1.25,
      1
    ],
    "1;0"
  ],
  "StageTemperatureSum":[  
    [  
      160,
      284,
      790,
      200,
      200,
      670,
      25
    ],
    "°C d"
  ],
  "VernalisationRequirement":[  
    0,
    0,
    0,
    0,
    0,
    0,
    0
  ],
  "type":"CultivarParameters"
}