{  
  "AssimilatePartitioningCoeff":[  
    [  
      0.5,
      0.5,
      0,
      0
    ],
    [  
      0.20000000000000001,
      0.5,
      0.29999999999999999,
      0
    ],
    [  
      0.13,
      0.33000000000000002,
      0.54000000000000004,
      0
    ],
    [  
      0,
      0,
      0,
      1
    ],
    [  
      0,
      0,
      0,
      1
    ],
    [  
      0,
      0,
      0,
      0
    ]
  ],
  "BaseDaylength":[  
    [  
      0,
      0,
      7,
      7,
      0,
      0
    ],
    "h"
  ],
  "BeginSensitivePhaseHeatStress":[  
    0,
    "°C d"
  ],
  "CriticalTemperatureHeatStress":[  
    31,
    "°C"
  ],
  "CropHeightP1":9,
  "CropHeightP2":0.34999999403953552,
  "CropSpecificMaxRootingDepth":0.69999998807907104,
  "CultivarName":"24",
  "DaylengthRequirement":[  
    [  
      0,
      20,
      20,
      20,
      0,
      0
    ],
    "h"
  ],
  "Description":"",
  "DroughtStressThreshold":[  
    1,
    0.69999999999999996,
    0.75,
    0.75,
    0.59999999999999998,
    0.5
  ],
  "EndSensitivePhaseHeatStress":[  
    0,
    "°C d"
  ],
  "FrostDehardening":0,
  "FrostHardening":0,
  "HeatSumIrrigationEnd":993,
  "HeatSumIrrigationStart":113,
  "LT50cultivar":0,
  "LatestHarvestDoy":-1,
  "LowTemperatureExposure":0,
  "MaxAssimilationRate":60,
  "MaxCropHeight":[  
    0.5,
    "m"
  ],
  "OptimumTemperature":[  
    [  
      30,
      30,
      30,
      30,
      30,
      30
    ],
    "°C"
  ],
  "OrganIdsForCutting":[  

  ],
  "OrganIdsForPrimaryYield":[  
    {  
      "organId":4,
      "type":"YieldComponent",
      "yieldDryMatter":0.85999999999999999,
      "yieldPercentage":0.80000000000000004
    }
  ],
  "OrganIdsForSecondaryYield":[  
    {  
      "organId":2,
      "type":"YieldComponent",
      "yieldDryMatter":0.85999999999999999,
      "yieldPercentage":0.90000000000000002
    },
    {  
      "organId":3,
      "type":"YieldComponent",
      "yieldDryMatter":0.85999999999999999,
      "yieldPercentage":0.90000000000000002
    }
  ],
  "OrganSenescenceRate":[  
    [  
      0,
      0,
      0,
      0
    ],
    [  
      0,
      0,
      0,
      0
    ],
    [  
      0,
      0,
      0,
      0
    ],
    [  
      0,
      0,
      0,
      0
    ],
    [  
      0,
      0,
      0,
      0
    ],
    [  
      0,
      0,
      0,
      0
    ]
  ],
  "Perennial":false,
  "ResidueNRatio":0.80000001192092896,
  "RespiratoryStress":0,
  "SpecificLeafArea":[  
    [  
      0.002,
      0.0018,
      0.0016999999999999999,
      0.0016000000000000001,
      0.0015,
      0.0015
    ],
    "ha kg-1"
  ],
  "StageKcFactor":[  
    [  
      0.40000000000000002,
      0.69999999999999996,
      1.1000000000000001,
      1.1000000000000001,
      0.80000000000000004,
      0.25
    ],
    "1;0"
  ],
  "StageTemperatureSum":[  
    [  
      25,
      160,
      210,
      180,
      480,
      25
    ],
    "°C d"
  ],
  "VernalisationRequirement":[  
    0,
    0,
    0,
    0,
    0,
    0
  ],
  "type":"CultivarParameters"
}