{  
  "AssimilatePartitioningCoeff":[  
    [  
      0.59999999999999998,
      0.29999999999999999,
      0.10000000000000001,
      0
    ],
    [  
      0.32000000000000001,
      0.52000000000000002,
      0.16,
      0
    ],
    [  
      0.080000000000000002,
      0.32000000000000001,
      0.59999999999999998,
      0
    ],
    [  
      0.050000000000000003,
      0.10000000000000001,
      0.69999999999999996,
      0.14999999999999999
    ],
    [  
      0,
      0,
      0,
      1
    ],
    [  
      0,
      0,
      0,
      1
    ]
  ],
  "BaseDaylength":[  
    [  
      14,
      14,
      14,
      12,
      12,
      10
    ],
    "h"
  ],
  "BeginSensitivePhaseHeatStress":[  
    620,
    "°C d"
  ],
  "CriticalTemperatureHeatStress":[  
    31,
    "°C"
  ],
  "CropHeightP1":9,
  "CropHeightP2":0.34999999403953552,
  "CropSpecificMaxRootingDepth":1.6000000238418579,
  "CultivarName":"long",
  "DaylengthRequirement":[  
    [  
      0,
      0,
      0,
      0,
      0,
      0
    ],
    "h"
  ],
  "Description":"",
  "DroughtStressThreshold":[  
    0.80000000000000004,
    0.80000000000000004,
    0.65000000000000002,
    0.65000000000000002,
    0.65000000000000002,
    0.65000000000000002
  ],
  "EndSensitivePhaseHeatStress":[  
    720,
    "°C d"
  ],
  "FrostDehardening":0,
  "FrostHardening":0,
  "HeatSumIrrigationEnd":1400,
  "HeatSumIrrigationStart":100,
  "LT50cultivar":0,
  "LatestHarvestDoy":-1,
  "LowTemperatureExposure":0,
  "MaxAssimilationRate":45,
  "MaxCropHeight":[  
    1,
    "m"
  ],
  "OptimumTemperature":[  
    [  
      26,
      30,
      30,
      26,
      25,
      25
    ],
    "°C"
  ],
  "OrganIdsForCutting":[  

  ],
  "OrganIdsForPrimaryYield":[  
    {  
      "organId":4,
      "type":"YieldComponent",
      "yieldDryMatter":0.67000000000000004,
      "yieldPercentage":0.34999999999999998
    }
  ],
  "OrganIdsForSecondaryYield":[  

  ],
  "OrganSenescenceRate":[  
    [  
      0,
      0,
      0,
      0
    ],
    [  
      0,
      0,
      0,
      0
    ],
    [  
      0,
      0,
      0,
      0
    ],
    [  
      0,
      0,
      0,
      0
    ],
    [  
      0,
      0.050000000000000003,
      0,
      0
    ],
    [  
      0,
      0.050000000000000003,
      0,
      0
    ]
  ],
  "Perennial":false,
  "ResidueNRatio":0.80000001192092896,
  "RespiratoryStress":0,
  "SpecificLeafArea":[  
    [  
      0.00164,
      0.0018,
      0.0015,
      0.001,
      0.001,
      0.0013600000000000001
    ],
    "ha kg-1"
  ],
  "StageKcFactor":[  
    [  
      0.34999999999999998,
      0.55000000000000004,
      0.55000000000000004,
      1.1000000000000001,
      1.1000000000000001,
      0.55000000000000004
    ],
    "1;0"
  ],
  "StageTemperatureSum":[  
    [  
      120,
      540,
      360,
      760,
      700,
      20
    ],
    "°C d"
  ],
  "VernalisationRequirement":[  
    0,
    0,
    0,
    0,
    0,
    0
  ],
  "type":"CultivarParameters"
}