{  
  "AssimilatePartitioningCoeff":[  
    [  
      0.54000000000000004,
      0.28000000000000003,
      0.17999999999999999,
      0
    ],
    [  
      0.14999999999999999,
      0.40999999999999998,
      0.40999999999999998,
      0.02
    ],
    [  
      0,
      0.14999999999999999,
      0.27000000000000002,
      0.57999999999999996
    ],
    [  
      0,
      0.01,
      0.01,
      0.97999999999999998
    ],
    [  
      0,
      0,
      0.01,
      0.98999999999999999
    ],
    [  
      0,
      0,
      0,
      1
    ]
  ],
  "BaseDaylength":[  
    [  
      0,
      0,
      0,
      0,
      0,
      0
    ],
    "h"
  ],
  "BeginSensitivePhaseHeatStress":[  
    0,
    "°C d"
  ],
  "CriticalTemperatureHeatStress":[  
    31,
    "°C"
  ],
  "CropHeightP1":9,
  "CropHeightP2":0.34999999403953552,
  "CropSpecificMaxRootingDepth":1.6000000238418579,
  "CultivarName":"",
  "DaylengthRequirement":[  
    [  
      0,
      0,
      0,
      0,
      0,
      0
    ],
    "h"
  ],
  "Description":"",
  "DroughtStressThreshold":[  
    1,
    0.69999999999999996,
    0.80000000000000004,
    0.80000000000000004,
    0.80000000000000004,
    0.69999999999999996
  ],
  "EndSensitivePhaseHeatStress":[  
    0,
    "°C d"
  ],
  "FrostDehardening":0,
  "FrostHardening":0,
  "HeatSumIrrigationEnd":1691,
  "HeatSumIrrigationStart":600,
  "LT50cultivar":0,
  "LatestHarvestDoy":-1,
  "LowTemperatureExposure":0,
  "MaxAssimilationRate":100,
  "MaxCropHeight":[  
    0.5,
    "m"
  ],
  "OptimumTemperature":[  
    [  
      30,
      30,
      30,
      30,
      30,
      30
    ],
    "°C"
  ],
  "OrganIdsForCutting":[  

  ],
  "OrganIdsForPrimaryYield":[  
    {  
      "organId":4,
      "type":"YieldComponent",
      "yieldDryMatter":0.23000000000000001,
      "yieldPercentage":1
    }
  ],
  "OrganIdsForSecondaryYield":[  
    {  
      "organId":2,
      "type":"YieldComponent",
      "yieldDryMatter":0.16,
      "yieldPercentage":0.94999999999999996
    }
  ],
  "OrganSenescenceRate":[  
    [  
      0,
      0,
      0,
      0
    ],
    [  
      0,
      0,
      0,
      0
    ],
    [  
      0,
      0,
      0,
      0
    ],
    [  
      0,
      0.001,
      0,
      0
    ],
    [  
      0.080000000000000002,
      0.0050000000000000001,
      0,
      0
    ],
    [  
      0.080000000000000002,
      0.01,
      0,
      0
    ]
  ],
  "Perennial":false,
  "ResidueNRatio":2,
  "RespiratoryStress":0,
  "SpecificLeafArea":[  
    [  
      0.00089999999999999998,
      0.001,
      0.001,
      0.00089999999999999998,
      0.00089999999999999998,
      0.00089999999999999998
    ],
    "ha kg-1"
  ],
  "StageKcFactor":[  
    [  
      0.40000000000000002,
      0.80000000000000004,
      1,
      1.3500000000000001,
      0.84999999999999998,
      0.40000000000000002
    ],
    "1;0"
  ],
  "StageTemperatureSum":[  
    [  
      100,
      300,
      565,
      608,
      1600,
      25
    ],
    "°C d"
  ],
  "VernalisationRequirement":[  
    0,
    0,
    0,
    0,
    0,
    0
  ],
  "type":"CultivarParameters"
}