{  
  "AbovegroundOrgan":[  
    false,
    true,
    true,
    true
  ],
  "AssimilateReallocation":0.30000001192092896,
  "BaseTemperature":[  
    1,
    1,
    1,
    1,
    9,
    9
  ],
  "CarboxylationPathway":1,
  "CriticalOxygenContent":[  
    0.080000000000000002,
    0.040000000000000001,
    0.040000000000000001,
    0.040000000000000001,
    0.040000000000000001,
    0.040000000000000001
  ],
  "CuttingDelayDays":0,
  "DefaultRadiationUseEfficiency":0.5,
  "DevelopmentAccelerationByNitrogenStress":1,
  "DroughtImpactOnFertilityFactor":0,
  "FieldConditionModifier":1,
  "InitialKcFactor":0.40000000596046448,
  "InitialOrganBiomass":[  
    53,
    53,
    0,
    0
  ],
  "InitialRootingDepth":0.10000000149011612,
  "LimitingTemperatureHeatStress":40,
  "LuxuryNCoeff":1.2999999523162842,
  "MaxCropDiameter":0.0040000001899898052,
  "MaxNUptakeParam":3.1449999809265137,
  "MinimumNConcentration":0.004999999888241291,
  "MinimumTemperatureForAssimilation":4,
  "MinimumTemperatureRootGrowth":0,
  "NConcentrationAbovegroundBiomass":0.059999998658895493,
  "NConcentrationB0":2,
  "NConcentrationPN":1.6000000238418579,
  "NConcentrationRoot":0.019999999552965164,
  "OrganGrowthRespiration":[  
    0.01,
    0.029999999999999999,
    0.014999999999999999,
    0.01
  ],
  "OrganMaintenanceRespiration":[  
    0.01,
    0.029999999999999999,
    0.014999999999999999,
    0.01
  ],
  "PartBiologicalNFixation":0,
  "PlantDensity":220,
  "RootDistributionParam":0.0027870000340044498,
  "RootFormFactor":3,
  "RootGrowthLag":-30,
  "RootPenetrationRate":0.0010999999940395355,
  "SamplingDepth":0.89999997615814209,
  "SpeciesName":"barley",
  "SpecificRootLength":300,
  "StageAfterCut":0,
  "StageAtMaxDiameter":2,
  "StageAtMaxHeight":3,
  "StageMaxRootNConcentration":[  
    0.02,
    0.02,
    0.012,
    0.01,
    0.01,
    0.01
  ],
  "StorageOrgan":[  
    false,
    false,
    false,
    true
  ],
  "TargetN30":120,
  "TargetNSamplingDepth":200,
  "type":"SpeciesParameters"
}