{  
  "AbovegroundOrgan":[  
    false,
    true,
    true
  ],
  "AssimilateReallocation":0.30000001192092896,
  "BaseTemperature":[  
    1,
    2,
    4,
    4,
    4,
    4
  ],
  "CarboxylationPathway":1,
  "CriticalOxygenContent":[  
    0.080000000000000002,
    0.080000000000000002,
    0.080000000000000002,
    0.080000000000000002,
    0.080000000000000002,
    0.080000000000000002
  ],
  "CuttingDelayDays":10,
  "DefaultRadiationUseEfficiency":0.5,
  "DevelopmentAccelerationByNitrogenStress":0,
  "DroughtImpactOnFertilityFactor":0,
  "FieldConditionModifier":1,
  "InitialKcFactor":0.40000000596046448,
  "InitialOrganBiomass":[  
    53,
    53,
    20
  ],
  "InitialRootingDepth":0.10000000149011612,
  "LimitingTemperatureHeatStress":40,
  "LuxuryNCoeff":1,
  "MaxCropDiameter":0.0030000000260770321,
  "MaxNUptakeParam":3.1449999809265137,
  "MinimumNConcentration":0.004999999888241291,
  "MinimumTemperatureForAssimilation":8,
  "MinimumTemperatureRootGrowth":0,
  "NConcentrationAbovegroundBiomass":0.059999998658895493,
  "NConcentrationB0":0.0010000000474974513,
  "NConcentrationPN":2.5999999046325684,
  "NConcentrationRoot":0.019999999552965164,
  "OrganGrowthRespiration":[  
    0.01,
    0.029999999999999999,
    0.01
  ],
  "OrganMaintenanceRespiration":[  
    0.01,
    0.029999999999999999,
    0.01
  ],
  "PartBiologicalNFixation":0,
  "PlantDensity":600,
  "RootDistributionParam":0.0027870000340044498,
  "RootFormFactor":5,
  "RootGrowthLag":-30,
  "RootPenetrationRate":0.00079999997979030013,
  "SamplingDepth":0.60000002384185791,
  "SpeciesName":"rye grass",
  "SpecificRootLength":300,
  "StageAfterCut":2,
  "StageAtMaxDiameter":2,
  "StageAtMaxHeight":3,
  "StageMaxRootNConcentration":[  
    0.02,
    0.02,
    0.012,
    0.01,
    0.01,
    0.01
  ],
  "StorageOrgan":[  
    false,
    false,
    false
  ],
  "TargetN30":20,
  "TargetNSamplingDepth":50,
  "type":"SpeciesParameters"
}