{  
  "AbovegroundOrgan":[  
    false,
    true,
    true,
    true,
    true,
    true
  ],
  "AssimilateReallocation":0.30000001192092896,
  "BaseTemperature":[  
    15,
    12,
    12,
    10,
    10,
    10,
    10
  ],
  "CarboxylationPathway":1,
  "CriticalOxygenContent":[  
    0.080000000000000002,
    0.080000000000000002,
    0.080000000000000002,
    0.080000000000000002,
    0.080000000000000002,
    0.080000000000000002,
    0.080000000000000002
  ],
  "CuttingDelayDays":10,
  "DefaultRadiationUseEfficiency":0.5,
  "DevelopmentAccelerationByNitrogenStress":0,
  "DroughtImpactOnFertilityFactor":0,
  "FieldConditionModifier":1,
  "InitialKcFactor":0.40000000596046448,
  "InitialOrganBiomass":[  
    33,
    33,
    0,
    0,
    0,
    0
  ],
  "InitialRootingDepth":0.10000000149011612,
  "LimitingTemperatureHeatStress":40,
  "LuxuryNCoeff":1,
  "MaxCropDiameter":0.0060000000521540642,
  "MaxNUptakeParam":3.1449999809265137,
  "MinimumNConcentration":0.004999999888241291,
  "MinimumTemperatureForAssimilation":10,
  "MinimumTemperatureRootGrowth":10,
  "NConcentrationAbovegroundBiomass":2,
  "NConcentrationB0":0.30000001192092896,
  "NConcentrationPN":1,
  "NConcentrationRoot":0.019999999552965164,
  "OrganGrowthRespiration":[  
    0.01,
    0.029999999999999999,
    0.014999999999999999,
    0.01,
    0.01,
    0
  ],
  "OrganMaintenanceRespiration":[  
    0.01,
    0.029999999999999999,
    0.014999999999999999,
    0.01,
    0.01,
    0
  ],
  "PartBiologicalNFixation":0,
  "PlantDensity":15,
  "RootDistributionParam":0.0027870000340044498,
  "RootFormFactor":3,
  "RootGrowthLag":-30,
  "RootPenetrationRate":0.0024999999441206455,
  "SamplingDepth":0.89999997615814209,
  "SpeciesName":"sugar cane",
  "SpecificRootLength":300,
  "StageAfterCut":7,
  "StageAtMaxDiameter":3,
  "StageAtMaxHeight":4,
  "StageMaxRootNConcentration":[  
    0.0155,
    0.012,
    0.01,
    0.01,
    0.01,
    0.01,
    0.01
  ],
  "StorageOrgan":[  
    false,
    false,
    false,
    true,
    false,
    true
  ],
  "TargetN30":0,
  "TargetNSamplingDepth":50,
  "type":"SpeciesParameters"
}