{  
  "AssimilatePartitioningCoeff":[  
    [  
      0.5,
      0.5,
      0,
      0
    ],
    [  
      0.20000000000000001,
      0.29999999999999999,
      0.5,
      0
    ],
    [  
      0.13,
      0.29999999999999999,
      0.56999999999999995,
      0
    ],
    [  
      0,
      0,
      0.059999999999999998,
      0.93999999999999995
    ],
    [  
      0,
      0,
      0,
      1
    ],
    [  
      0,
      0,
      0,
      1
    ]
  ],
  "BaseDaylength":[  
    [  
      0,
      0,
      7,
      7,
      0,
      0
    ],
    "h"
  ],
  "BeginSensitivePhaseHeatStress":[  
    0,
    "°C d"
  ],
  "CriticalTemperatureHeatStress":[  
    31,
    "°C"
  ],
  "CropHeightP1":12,
  "CropHeightP2":0.55000001192092896,
  "CropSpecificMaxRootingDepth":1.3999999761581421,
  "CultivarName":"spring triticale",
  "DaylengthRequirement":[  
    [  
      0,
      20,
      20,
      0,
      0,
      0
    ],
    "h"
  ],
  "Description":"",
  "DroughtStressThreshold":[  
    0,
    0,
    0,
    0,
    0,
    0
  ],
  "EndSensitivePhaseHeatStress":[  
    0,
    "°C d"
  ],
  "FrostDehardening":0,
  "FrostHardening":0,
  "HeatSumIrrigationEnd":1676,
  "HeatSumIrrigationStart":461,
  "LT50cultivar":0,
  "LatestHarvestDoy":-1,
  "LowTemperatureExposure":0,
  "MaxAssimilationRate":45,
  "MaxCropHeight":[  
    0.89999997615814209,
    "m"
  ],
  "OptimumTemperature":[  
    [  
      30,
      30,
      30,
      30,
      30,
      30
    ],
    "°C"
  ],
  "OrganIdsForCutting":[  

  ],
  "OrganIdsForPrimaryYield":[  
    {  
      "organId":4,
      "type":"YieldComponent",
      "yieldDryMatter":0.85999999999999999,
      "yieldPercentage":0.84999999999999998
    }
  ],
  "OrganIdsForSecondaryYield":[  
    {  
      "organId":2,
      "type":"YieldComponent",
      "yieldDryMatter":0.85999999999999999,
      "yieldPercentage":0.84999999999999998
    },
    {  
      "organId":3,
      "type":"YieldComponent",
      "yieldDryMatter":0.85999999999999999,
      "yieldPercentage":0.84999999999999998
    }
  ],
  "OrganSenescenceRate":[  
    [  
      0,
      0,
      0,
      0
    ],
    [  
      0,
      0,
      0,
      0
    ],
    [  
      0,
      0,
      0,
      0
    ],
    [  
      0,
      0,
      0,
      0
    ],
    [  
      0,
      0.040000000000000001,
      0,
      0
    ],
    [  
      0,
      0.040000000000000001,
      0,
      0
    ]
  ],
  "Perennial":false,
  "ResidueNRatio":0.5,
  "RespiratoryStress":0,
  "SpecificLeafArea":[  
    [  
      0.002,
      0.0018,
      0.0016999999999999999,
      0.0016000000000000001,
      0.0015,
      0.0015
    ],
    "ha kg-1"
  ],
  "StageKcFactor":[  
    [  
      0.10000000000000001,
      0.29999999999999999,
      0.59999999999999998,
      0.69999999999999996,
      0.69999999999999996,
      0.25
    ],
    "1;0"
  ],
  "StageTemperatureSum":[  
    [  
      150,
      200,
      400,
      350,
      300,
      25
    ],
    "°C d"
  ],
  "VernalisationRequirement":[  
    0,
    0,
    0,
    0,
    0,
    0
  ],
  "type":"CultivarParameters"
}