{  
  "AssimilatePartitioningCoeff":[  
    [  
      0.55,
      0.15,
      0.1,
      0.2
    ],
    [  
      0.15,
      0.30,
      0.25,
      0.3
    ],
    [  
      0.1,
      0.35,
      0.25,
      0.3
    ],
    [  
      0.05,
      0.25,
      0.40,
      0.25
    ],
    [  
      0.05,
      0.20,
      0.20,
      0.55
    ],
    [  
      0.05,
      0.15,
      0.15,
      0.65
    ]
  ],
  "BaseDaylength":[  
    [  
      0,
      0,
      7,
      7,
      0,
      0
    ],
    "h"
  ],
  "BeginSensitivePhaseHeatStress":[  
    0,
    "°C d"
  ],
  "CriticalTemperatureHeatStress":[  
    31,
    "°C"
  ],
  "CropHeightP1":9,
  "CropHeightP2":0.34999999403953552,
  "CropSpecificMaxRootingDepth":0.30000001192092896,
  "CultivarName":"",
  "DaylengthRequirement":[  
    [  
      0,
      20,
      20,
      20,
      0,
      0
    ],
    "h"
  ],
  "Description":"",
  "DroughtStressThreshold":[  
    1,
    1,
    1,
    1,
    1,
    1
  ],
  "EndSensitivePhaseHeatStress":[  
    0,
    "°C d"
  ],
  "FrostDehardening":0,
  "FrostHardening":0,
  "HeatSumIrrigationEnd":1000,
  "HeatSumIrrigationStart":450,
  "LT50cultivar":0,
  "LatestHarvestDoy":-1,
  "LowTemperatureExposure":0,
  "MaxAssimilationRate":31,
  "MaxCropHeight":[  
    0.20000000298023224,
    "m"
  ],
  "OptimumTemperature":[  
    [  
      30,
      30,
      30,
      30,
      30,
      30
    ],
    "°C"
  ],
  "OrganIdsForCutting":[  
    {  
      "organId":2,
      "type":"YieldComponent",
      "yieldDryMatter":0.30000001192092896,
      "yieldPercentage":0.84999999999999998
    },
    {  
      "organId":3,
      "type":"YieldComponent",
      "yieldDryMatter":0.30000001192092896,
      "yieldPercentage":0.84999999999999998
    },
    {  
      "organId":4,
      "type":"YieldComponent",
      "yieldDryMatter":0.30000001192092896,
      "yieldPercentage":0.84999999999999998
    }
  ],
  "OrganIdsForPrimaryYield":[  

  ],
  "OrganIdsForSecondaryYield":[  

  ],
  "OrganSenescenceRate":[  
    [  
      0.03,
      0,
      0,
      0.03
    ],
    [  
      0.01257,
      0,
      0,
      0.02
    ],
    [  
      0.037,
      0.01,
      0.01,
      0.03
    ],
    [  
      0.048,
      0.03,
      0.03,
      0.03
    ],
    [  
      0.06,
      0.029999999999999999,
      0.05,
      0.03
    ],
    [  
      0.05,
      0.029999999999999999,
      0.04,
      0.015
    ]
    ],
  "Perennial":true,
  "ResidueNRatio":1,
  "RespiratoryStress":0,
  "SpecificLeafArea":[  
    [  
      0.002,
      0.002,
      0.003,
      0.005,
      0.002,
      0.002
    ],
    "ha kg-1"
  ],
  "StageKcFactor":[  
    [  
      0.59999999999999998,
      0.90000000000000002,
      0.93000000000000005,
      0.93000000000000005,
      0.93000000000000005,
      0.80000000000000004
    ],
    "1;0"
  ],
  "StageTemperatureSum":[  
    [  
      40,
      330,
      340,
      360,
      320,
      140
    ],
    "°C d"
  ],
  "VernalisationRequirement":[  
    0,
    0,
    0,
    0,
    0,
    0
  ],
  "type":"CultivarParameters"
}