{  
  "AssimilatePartitioningCoeff":[  
    [  
      0.53000000000000003,
      0.46999999999999997,
      0,
      0
    ],
    [  
      0.20000000000000001,
      0.59999999999999998,
      0.20000000000000001,
      0
    ],
    [  
      0.13,
      0.37,
      0.5,
      0
    ],
    [  
      0,
      0,
      0.25,
      0.75
    ],
    [  
      0,
      0,
      0,
      1
    ],
    [  
      0,
      0,
      0,
      0
    ]
  ],
  "BaseDaylength":[  
    [  
      0,
      0,
      7,
      7,
      0,
      0
    ],
    "h"
  ],
  "BeginSensitivePhaseHeatStress":[  
    420,
    "°C d"
  ],
  "CriticalTemperatureHeatStress":[  
    31,
    "°C"
  ],
  "CropHeightP1":12,
  "CropHeightP2":0.55000001192092896,
  "CropSpecificMaxRootingDepth":1.3999999761581421,
  "CultivarName":"spring rye",
  "DaylengthRequirement":[  
    [  
      0,
      20,
      20,
      20,
      0,
      0
    ],
    "h"
  ],
  "Description":"",
  "DroughtStressThreshold":[  
    1,
    0.29999999999999999,
    0.29999999999999999,
    0.29999999999999999,
    0.29999999999999999,
    0.29999999999999999
  ],
  "EndSensitivePhaseHeatStress":[  
    540,
    "°C d"
  ],
  "FrostDehardening":0,
  "FrostHardening":0,
  "HeatSumIrrigationEnd":934,
  "HeatSumIrrigationStart":406,
  "LT50cultivar":0,
  "LatestHarvestDoy":-1,
  "LowTemperatureExposure":0,
  "MaxAssimilationRate":38,
  "MaxCropHeight":[  
    1.2999999523162842,
    "m"
  ],
  "OptimumTemperature":[  
    [  
      30,
      30,
      30,
      30,
      30,
      30
    ],
    "°C"
  ],
  "OrganIdsForCutting":[  

  ],
  "OrganIdsForPrimaryYield":[  
    {  
      "organId":4,
      "type":"YieldComponent",
      "yieldDryMatter":0.85999999999999999,
      "yieldPercentage":0.94999999999999996
    }
  ],
  "OrganIdsForSecondaryYield":[  
    {  
      "organId":2,
      "type":"YieldComponent",
      "yieldDryMatter":0.85999999999999999,
      "yieldPercentage":0.84999999999999998
    },
    {  
      "organId":3,
      "type":"YieldComponent",
      "yieldDryMatter":0.85999999999999999,
      "yieldPercentage":0.90000000000000002
    }
  ],
  "OrganSenescenceRate":[  
    [  
      0,
      0,
      0,
      0
    ],
    [  
      0,
      0,
      0,
      0
    ],
    [  
      0,
      0,
      0,
      0
    ],
    [  
      0,
      0,
      0,
      0
    ],
    [  
      0,
      0.029999999999999999,
      0,
      0
    ],
    [  
      0,
      0.029999999999999999,
      0,
      0
    ]
  ],
  "Perennial":false,
  "ResidueNRatio":0.30000001192092896,
  "RespiratoryStress":0,
  "SpecificLeafArea":[  
    [  
      0.002,
      0.002,
      0.002,
      0.002,
      0.002,
      0.002
    ],
    "ha kg-1"
  ],
  "StageKcFactor":[  
    [  
      0.40000000000000002,
      0.69999999999999996,
      1.1000000000000001,
      1.1000000000000001,
      0.80000000000000004,
      0.25
    ],
    "1;0"
  ],
  "StageTemperatureSum":[  
    [  
      148,
      284,
      200,
      400,
      350,
      25
    ],
    "°C d"
  ],
  "VernalisationRequirement":[  
    0,
    0,
    0,
    0,
    0,
    0
  ],
  "type":"CultivarParameters"
}